{
  "weights1mP": [
    1.921397687854268e-57,
    4.740379472818348e-44,
    9.256872299039345e-52,
    8.355978217392975e-54,
    2.0561970834251672e-55,
    5.663586998629316e-49,
    1.1892404130176957e-58
  ],
  "weights1mT": [
    3.7991340945358106e-50,
    9.172103947426134e-58,
    3.464491645326873e-56,
    2.1810200063915614e-59,
    2.0813706952232116e-59,
    3.24384518370753e-42,
    5.063535375051877e-61,
    8.21112819716992e-48,
    4.528003024759545e-51,
    4.462548004105312e-58,
    1.6203849987349323e-45,
    7.177984349822672e-55,
    3.225232968789267e-48,
    4.119451306243229e-54,
    5.131543068218899e-63,
    3.080401980101283e-46,
    3.3364671907282976e-53,
    1.002821209132556e-62,
    3.0045789015109353e-52,
    3.453136222172506e-50,
    9.680986055113931e-69,
    4.204086726170765e-54,
    2.5704699248542575e-39,
    6.198540066523062e-42,
    1.8692465607877508e-43,
    1.3745247480443409e-52,
    2.546258845908319e-63,
    3.3796930386852816e-48,
    3.870783731534532e-45,
    8.808843170227466e-63
  ],
  "weights5mP": [
    4.8162654259012604e-57,
    1.1112830597794373e-52,
    1.6820779241331873e-50,
    9.372491454682663e-45,
    3.227689270853392e-53,
    1.9778171479232782e-63,
    1.0507988345685709e-57
  ],
  "weights5mT": [
    1.8461433379751406e-57,
    2.3475246192673407e-65,
    6.263429865623758e-47,
    3.996294692854826e-62,
    6.107401012402554e-51,
    6.235775745380361e-63,
    4.473674672743291e-46,
    2.657391585582194e-50,
    1.8786496505155076e-47,
    1.1405672139906713e-58,
    3.699273137154268e-39,
    1.8614225132129437e-50,
    6.048402472581461e-53,
    5.926045989729882e-55,
    1.8186769390670716e-60
  ],
  "weights15mP": 