{
  "weights1mP": [
    9.952756079131378e-23,
    1.5620881985378997e-46,
    4.451504331831821e-44,
    2.4843806189680716e-34,
    1.7258418231508566e-43,
    3.0307315106180194e-37,
    1.4354805495224853e-38
  ],
  "weights1mT": [
    1.7171646566837098e-41,
    1.049305611839435e-47,
    1.0904179383539125e-34,
    9.102011867408731e-36,
    1.4723855937743875e-44,
    2.3474786676836456e-30,
    5.842441366459864e-41,
    4.0617352330254085e-45,
    3.133713565663156e-52,
    4.116634005442007e-41,
    2.433740746550512e-47,
    1.7424093421503774e-33,
    3.139805430095155e-41,
    7.441241500116402e-39,
    5.422840342893695e-55,
    1.0257693693285453e-39,
    1.729753054063524e-42,
    4.494803537489015e-46,
    8.748875672050644e-41,
    3.360057075648916e-42,
    6.467486279000959e-38,
    1.0892898510762991e-28,
    4.654859634513184e-37,
    1.8629062598507743e-47,
    8.344085002247111e-35,
    6.696288143594203e-37,
    8.20553968090282e-34,
    1.6269225263619182e-52,
    1.1339588310068897e-26,
    4.892630115932113e-43
  ],
  "weights5mP": [
    3.195300349773582e-42,
    2.185005938463072e-40,
    2.598783074912425e-26,
    1.4388530663519659e-44,
    3.5562598588504647e-40,
    1.746361402493092e-45,
    6.400069923210002e-36
  ],
  "weights5mT": [
    3.497065326952136e-42,
    2.730808277879988e-41,
    2.3719863835997548e-32,
    5.0174246919781045e-45,
    5.812064220552024e-35,
    2.97528827092488e-46,
    1.1628735870611973e-41,
    5.160937609063512e-46,
    3.637261005420891e-42,
    4.163444622945575e-48,
    1.9604189659027252e-29,
    7.489687883848968e-34,
    5.89930428375037e-46,
    5.448828059672956e-35,
    1.1610198841652516e-43
  ],
  "weights15mP": [
    1.3167737097458126e-47,
    3.622482083649637e-49,
    3.959671781414083e-42,
    6.1867084232851276e-43,
    8.361005922125555e-34,
    2.1449722339755763e-35,
    3.3616888050813777e-32
  ],
  "weights15mT": [
    1.127979347551793e-30,
    1.3946185001052724e-42,
    7.154236791223806e-46,
    9.462043862366992e-39,
    3.314758215599859e-38,
    3.06270592343768e-45,
    3.9982895558050195e-45,
    2.3045837013666952e-38,
    1.0801848440896277e-32,
    5.75871404863949e-47,
    2.558562798930202e-36,
    1.4264759316772474e-37,
    1.9149433084702852e-40,
    8.648491128907667e-37,
    3.427946484179072e-39
  ],
  "weights1hP": [
    3.67394141525817e-43,
    7.351357016381892e-38,
    1.382394787187461e-37,
    6.559755285041951e-47,
    1.0410795752178443e-32,
    8.077390907897761e-38,
    1.5344744111181428e-39
  ],
  "weights1hT": [
    8.955932860495805e-49,
    6.617429851435939e-46,
    6.337587612422192e-33,
    2.9376039208549144e-35,
    2.8487390112501707e-37
  ],
  "weightsTot": [
    4.074999398146163e-32,
    3.5148452433237575e-30,
    4.162287650237356e-33,
    9.524514999035395e-38
  ]
}