{
  "weights1mP": [
    7.659569801172261e-07,
    0.00033255264305007224,
    1.7725892670397886e-08,
    6.473254035751207e-08,
    4.6844117070829835e-08,
    2.195315148233377e-06,
    1.6858056035100286e-05
  ],
  "weights1mT": [
    4.480966536517896e-06,
    3.591855505651223e-09,
    0.0002370736268284042,
    3.92901148408621e-06,
    1.25241566981369e-07,
    5.793320456727551e-10,
    3.321032045193688e-08,
    1.7692397920671355e-07,
    4.570819180181598e-08,
    1.4473867960499241e-05,
    7.587594725684161e-07,
    1.305575263069798e-09,
    1.828354468817379e-07,
    4.087440561693119e-10,
    2.0170385212048856e-06,
    8.519687697917524e-05,
    4.835269733045349e-05,
    1.3527865981875007e-10,
    2.866344299950854e-07,
    5.5554238788414664e-05,
    0.0022048161978482582,
    4.1346329038679825e-07,
    0.0006201581602706844,
    5.060742536902035e-06,
    3.7197105948264804e-06,
    3.266161755923779e-06,
    0.06977306925894418,
    3.0583517370755234e-08,
    1.6549168464435075e-07,
    1.8543376039819421e-06
  ],
  "weights5mP": [
    1.3377019002003342e-05,
    4.133857916582216e-06,
    6.924679239382699e-06,
    5.1044936207275516e-05,
    0.0011461462955654695,
    5.18737404161542e-10,
    3.2747393184053096e-09
  ],
  "weights5mT": [
    0.0009247712374186335,
    4.505596922089054e-06,
    1.077725072170011e-05,
    1.446861211715256e-06,
    2.734018935547098e-08,
    4.749599234109756e-07,
    0.04073692063975943,
    5.368237709681959e-06,
    5.618084471053688e-09,
    2.510010218681322e-07,
    6.594635293954111e-06,
    2.648728493160743e-06,
    2.2447528494987563e-06,
    2.0147785832039626e-07,
    3.191519609893496e-07
  ],
  "weights15mP": [
    1.2752910270036555e-05,
    2.239983129316661e-06,
    2.300313639005617e-10,
    0.0005957862927237306,
    2.226085060551323e-07,
    1.7449963687345173e-06,
    9.522915125201206e-06
  ],
  "weights15mT": [
    2.4130230753698863e-07,
    8.91748680566959e-07,
    0.00023793739393168563,
    0.0002803867163604319,
    1.282025764040251e-06,
    3.0245590161687326e-06,
    6.215092471551282e-08,
    3.2313399053328763e-07,
    4.971533972720706e-05,
    2.5771905779723626e-06,
    8.732511630319659e-08,
    1.6407104975101245e-07,
    2.1028639456989248e-07,
    1.5578846041615785e-06,
    0.0007654707482696012
  ],
  