{
  "weights1mP": [
    1.0216898804011812e-40,
    6.468559169659892e-36,
    1.6873433543404126e-41,
    7.949045177928773e-36,
    3.276964855004119e-50,
    2.2857444603060974e-37,
    1.4921299470051932e-45
  ],
  "weights1mT": [
    2.9538809995714087e-43,
    2.873640153859972e-41,
    3.029405324279407e-43,
    9.798861621508796e-33,
    2.3547393721814534e-39,
    3.2230764301495683e-47,
    2.7334000322781693e-38,
    1.42670622738359e-38,
    3.915195799756613e-47,
    7.753735800673308e-47,
    1.691951196187494e-35,
    1.5175805528673756e-42,
    2.2278445035045734e-37,
    7.704896162133609e-37,
    9.006365928822105e-42,
    1.9783217122710991e-28,
    2.1334210660695987e-26,
    7.086299559821652e-37,
    1.1452179165717515e-39,
    1.2698597378649694e-42,
    7.985363003799456e-41,
    1.4820527230228904e-41,
    2.476721308007579e-37,
    7.716972684578456e-34,
    9.2071773875954e-48,
    6.00258298232047e-37,
    1.1139084321319683e-40,
    1.020630647724659e-39,
    1.1493746092062e-36,
    6.827010088425421e-35
  ],
  "weights5mP": [
    1.509385450253129e-38,
    1.7051783258872186e-36,
    1.4434125812561553e-38,
    3.1397232043918892e-40,
    6.445205095415491e-39,
    6.850020964289269e-41,
    8.834241038745842e-31
  ],
  "weights5mT": [
    3.225350159704841e-45,
    8.129531562274835e-49,
    1.3957722943297657e-45,
    5.301480157934636e-35,
    5.294079439735195e-42,
    7.949317533471443e-40,
    5.400443293762868e-44,
    7.100966077915697e-40,
    4.600272052733202e-34,
    2.137958701610054e-46,
    4.747621078066595e-41,
    9.798676297895283e-46,
    1.1274161903951439e-32,
    9.086183404189253e-45,
    2.1848039763652723e-49
  ],
  "weights15mP": [
    2.2183602206920707e-32,
    5.44684257906184e-34,
    6.863001998074631e-34,
    3.25875879868424e-32,
    2.912748979525219e-47,
    1.286775729475721e-49,
    6.597417963827738e-34
  ],
  "weights15mT": [
    1.3366748485243514e-34,
    1.424001164245169e-39,
    9.486682571542646e-35,
    6.215933155189323e-31,
    1.7278816681488816e-45,
    4.48042477963441e-38,
    1.0884854014193917e-43,
    5.1113787369414295e-36,
    1.138895953541742e-40,
    2.586203009633391e-29,
    5.825067033484982e-46,
    3.1053179922740255e-46,
    4.1789271328388966e-36,
    6.337396337164719e-30,
    2.002448343130899e-48
  ],
  "weights1hP": [
    1.6894938997034287e-48,
    2.4754114944099566e-32,
    6.568042003228216e-27,
    1.2198476609685893e-43,
    4.158852811543457e-43,
    6.947534663004208e-42,
    2.727813214293458e-38
  ],
  "weights1hT": [
    3.078335246825735e-42,
    2.6493598198249274e-38,
    2.438400290039361e-35,
    4.121914731599136e-40,
    2.5053896574322063e-33
  ],
  "weightsTot": [
    1.6515306068410773e-38,
    3.4405843578667065e-42,
    1.9542501028134136e-48,
    3.479647309520383e-37
  ]
}